<?xml version="1.0"?>
<data>
    <country name="Sweden">
        <rank>7</rank>
        <year>2008</year>
        <gdppc>121100</gdppc>
        <neighbor name="Norway" direction="W"/>
        <neighbor name="Finland" direction="E"/>
    </country>
    <country name="Denmark">
        <rank>12</rank>
        <year>2011</year>
        <gdppc>114300</gdppc>
        <neighbor name="Germany" direction="S"/>
    </country>
    <country name="Norway">
        <rank>3</rank>
        <year>2011</year>
        <gdppc>131600</gdppc>
        <neighbor name="Sweden" direction="E"/>
        <neighbor name="Finland" direction="NE"/>
        <neighbor name="Russia" direction="N"/>
    </country>
</data>